Variable names,Labels,agent_response
DESYNPUF_ID,DESYNPUF: Beneficiary Code,The variable `DESYNPUF_ID` in the dataframe represents the beneficiary code for each individual in the dataset. It is a unique identifier assigned to each beneficiary.
BENE_BIRTH_DT,DESYNPUF: Date of birth,The variable `BENE_BIRTH_DT` in the dataframe `df` represents the date of birth of the beneficiary.
BENE_DEATH_DT,DESYNPUF: Date of death,The variable `BENE_DEATH_DT` in the dataframe `df` represents the date of death of the beneficiary in the DESYNPUF dataset.
BENE_SEX_IDENT_CD,DESYNPUF: Sex,The variable `BENE_SEX_IDENT_CD` in the dataframe `df` represents the sex of the beneficiary. It is a code that indicates the gender of the beneficiary.
BENE_RACE_CD,DESYNPUF: Beneficiary Race Code,The variable `BENE_RACE_CD` in the dataframe represents the beneficiary race code for each individual in the dataset. It is a code that categorizes the race of the beneficiary.
BENE_ESRD_IND,DESYNPUF: End stage renal disease Indicator,"The variable `BENE_ESRD_IND` stands for ""End stage renal disease Indicator"". It is a variable in the dataframe `df` that indicates whether a beneficiary has end stage renal disease or not."
SP_STATE_CODE,DESYNPUF: State Code,The variable `SP_STATE_CODE` represents the state code of the beneficiary in the DESYNPUF dataset.
BENE_COUNTY_CD,DESYNPUF: County Code,The variable `BENE_COUNTY_CD` represents the county code of the beneficiary in the DESYNPUF dataset.
BENE_HI_CVRAGE_TOT_MONS,DESYNPUF: Total number of months of part A coverage for the beneficiary.,The variable `BENE_HI_CVRAGE_TOT_MONS` represents the total number of months of Part A coverage for the beneficiary in the DESYNPUF dataset.
BENE_SMI_CVRAGE_TOT_MONS,DESYNPUF: Total number of months of part B coverage for the beneficiary.,The variable `BENE_SMI_CVRAGE_TOT_MONS` represents the total number of months of Part B coverage for the beneficiary in the dataset.
BENE_HMO_CVRAGE_TOT_MONS,DESYNPUF: Total number of months of HMO coverage for the beneficiary.,The variable `BENE_HMO_CVRAGE_TOT_MONS` represents the total number of months of HMO (Health Maintenance Organization) coverage for each beneficiary in the dataset.
PLAN_CVRG_MOS_NUM,DESYNPUF: Total number of months of part D plan coverage for the beneficiary.,The variable `PLAN_CVRG_MOS_NUM` represents the total number of months of Part D plan coverage for a beneficiary in the DESYNPUF dataset.
SP_ALZHDMTA,DESYNPUF: Chronic Condition: Alzheimer or related disorders or senile,The variable `SP_ALZHDMTA` represents the chronic condition of Alzheimer's disease or related disorders in the DESYNPUF dataset.
SP_CHF,DESYNPUF: Chronic Condition: Heart Failure,"The variable `SP_CHF` stands for ""Chronic Condition: Heart Failure"" in the dataframe."
SP_CHRNKIDN,DESYNPUF: Chronic Condition: Chronic Kidney Disease,"The variable `SP_CHRNKIDN` stands for ""Chronic Condition: Chronic Kidney Disease"" in the dataframe."
SP_CNCR,DESYNPUF: Chronic Condition: Cancer,"The variable `SP_CNCR` stands for ""DESYNPUF: Chronic Condition: Cancer"". It represents whether or not the beneficiary has been diagnosed with cancer as a chronic condition."
SP_COPD,DESYNPUF: Chronic Condition: Chronic Obstructive Pulmonary Disease,"The variable `SP_COPD` stands for ""Chronic Condition: Chronic Obstructive Pulmonary Disease (COPD)""."
SP_DEPRESSN,DESYNPUF: Chronic Condition: Depression,The variable `SP_DEPRESSN` represents the chronic condition of depression in the dataset.
SP_DIABETES,DESYNPUF: Chronic Condition: Diabetes,The variable `SP_DIABETES` represents the chronic condition of diabetes in the dataset.
SP_ISCHMCHT,DESYNPUF: Chronic Condition: Ischemic Heart Disease,"The variable `SP_ISCHMCHT` stands for ""Chronic Condition: Ischemic Heart Disease"" in the dataframe."
SP_OSTEOPRS,DESYNPUF: Chronic Condition: Osteoporosis,"The variable `SP_OSTEOPRS` stands for ""DESYNPUF: Chronic Condition: Osteoporosis"". It represents the presence or absence of osteoporosis as a chronic condition in the dataset."
SP_RA_OA,DESYNPUF: Chronic Condition: rheumatoid arthritis and osteoarthritis (RA/OA),"The variable `SP_RA_OA` stands for ""Chronic Condition: rheumatoid arthritis and/or osteoarthritis""."
SP_STRKETIA,DESYNPUF: Chronic Condition: Stroke/transient Ischemic Attack,"The variable `SP_STRKETIA` stands for ""DESYNPUF: Chronic Condition: Stroke/transient ischemic attack (TIA)""."
MEDREIMB_IP,DESYNPUF: Inpatient annual Medicare reimbursement amount,The variable `MEDREIMB_IP` represents the inpatient annual Medicare reimbursement amount in the dataframe.
BENRES_IP,DESYNPUF: Inpatient annual beneficiary responsibility amount,"The variable `BENRES_IP` stands for ""Inpatient annual beneficiary responsibility amount""."
PPPYMT_IP,DESYNPUF: Inpatient annual primary payer reimbursement amount,"The variable `PPPYMT_IP` stands for ""Inpatient annual primary payer reimbursement amount"". It represents the amount of reimbursement received by the primary payer for inpatient services on an annual basis."
MEDREIMB_OP,DESYNPUF: Outpatient Institutional annual Medicare reimbursement amount,"The variable `MEDREIMB_OP` stands for ""Outpatient Institutional annual Medicare reimbursement amount""."
BENRES_OP,DESYNPUF: Outpatient Institutional annual beneficiary responsibility amount,"The variable `BENRES_OP` stands for ""Outpatient Institutional annual beneficiary responsibility amount""."
PPPYMT_OP,DESYNPUF: Outpatient Institutional annual primary payer reimbursement amount,"The variable `PPPYMT_OP` stands for ""Outpatient Institutional annual primary payer payment amount"". It represents the payment amount made by the primary payer for outpatient institutional services on an annual basis."
MEDREIMB_CAR,DESYNPUF: Carrier annual Medicare reimbursement amount,The variable `MEDREIMB_CAR` represents the carrier annual Medicare reimbursement amount in the DESYNPUF dataset.
BENRES_CAR,DESYNPUF: Carrier annual beneficiary responsibility amount,"The variable `BENRES_CAR` stands for ""Carrier annual beneficiary responsibility amount""."
PPPYMT_CAR,DESYNPUF: Carrier annual primary payer reimbursement amount,"The variable `PPPYMT_CAR` stands for ""Carrier annual primary payer reimbursement amount"". It represents the amount of reimbursement received from the primary payer for carrier services on an annual basis."
CLM_ID,DESYNPUF: Claim ID,The variable `CLM_ID` in the dataframe represents the claim ID in the DESYNPUF dataset.
SEGMENT,DESYNPUF: Claim Line Segment,The variable `SEGMENT` in the dataframe represents the claim line segment in the DESYNPUF dataset.
CLM_FROM_DT,DESYNPUF: Claims start date,The variable `CLM_FROM_DT` in the dataframe `df` represents the start date of a claim in the DESYNPUF dataset.
CLM_THRU_DT,DESYNPUF: Claims end date,The variable `CLM_THRU_DT` in the dataframe represents the claims end date in the DESYNPUF dataset.
PRVDR_NUM,DESYNPUF: Provider Institution,The variable `PRVDR_NUM` in the dataframe represents the provider institution for each beneficiary.
CLM_PMT_AMT,DESYNPUF: Claim Payment Amount,The variable `CLM_PMT_AMT` in the dataframe represents the claim payment amount.
NCH_PRMRY_PYR_CLM_PD_AMT,DESYNPUF: NCH Primary Payer Claim Paid Amount,"The variable `NCH_PRMRY_PYR_CLM_PD_AMT` stands for ""NCH Primary Payer Claim Paid Amount"". It represents the amount paid by the primary payer for a claim in the dataset."
AT_PHYSN_NPI,DESYNPUF: Attending Physician – National Provider Identifier Number,"The variable `AT_PHYSN_NPI` stands for ""Attending Physician - National Provider Identifier"". It represents the unique identifier assigned to the attending physician in the DESYNPUF dataset."
OP_PHYSN_NPI,DESYNPUF: Operating Physician – National Provider Identifier Number,"The variable `OP_PHYSN_NPI` stands for ""Operating Physician – National Provider Identifier"". It represents the National Provider Identifier (NPI) of the operating physician in the dataset."
OT_PHYSN_NPI,DESYNPUF: Other Physician – National Provider Identifier Number,"The variable `OT_PHYSN_NPI` stands for ""Other Physician – National Provider Identifier"". It is a variable in the dataframe `df` that represents the National Provider Identifier (NPI) of other physicians involved in the beneficiary's healthcare."
CLM_ADMSN_DT,DESYNPUF: Inpatient admission date,The variable `CLM_ADMSN_DT` in the dataframe `df` represents the inpatient admission date for beneficiaries in the DESYNPUF dataset.
ADMTNG_ICD9_DGNS_CD,DESYNPUF: Claim Admitting Diagnosis Code,The variable `ADMTNG_ICD9_DGNS_CD` in the dataframe represents the claim admitting diagnosis code from the DESYNPUF dataset.
CLM_PASS_THRU_PER_DIEM_AMT,DESYNPUF: Claim Pass Thru Per Diem Amount,The variable `CLM_PASS_THRU_PER_DIEM_AMT` in the dataframe represents the claim pass thru per diem amount.
NCH_BENE_IP_DDCTBL_AMT,DESYNPUF: NCH Beneficiary Inpatient Deductible Amount,The variable `NCH_BENE_IP_DDCTBL_AMT` represents the NCH Beneficiary Inpatient Deductible Amount in the dataframe.
NCH_BENE_PTA_COINSRNC_LBLTY_AM,DESYNPUF: NCH Beneficiary Part A Coinsurance Liability Amount,"The variable `NCH_BENE_PTA_COINSRNC_LBLTY_AM` represents the ""NCH Beneficiary Part A Coinsurance Liability Amount"" in the dataset."
NCH_BENE_BLOOD_DDCTBL_LBLTY_AM,DESYNPUF: NCH Beneficiary Blood Deductible Liability Amount,The variable `NCH_BENE_BLOOD_DDCTBL_LBLTY_AM` represents the NCH (National Claims History) beneficiary blood deductible liability amount.
CLM_UTLZTN_DAY_CNT,DESYNPUF: Claim Utilization Day Count,"The variable `CLM_UTLZTN_DAY_CNT` stands for ""Claim Utilization Day Count""."
NCH_BENE_DSCHRG_DT,DESYNPUF: Inpatient discharged date,The variable `NCH_BENE_DSCHRG_DT` represents the date of discharge for inpatient beneficiaries in the DESYNPUF dataset.
CLM_DRG_CD,DESYNPUF: Claim Diagnosis Related Group Code,"The variable `CLM_DRG_CD` stands for ""Claim Diagnosis Related Group Code"". It is a code that represents the diagnosis-related group (DRG) for a particular claim in the dataset."
ICD9_DGNS_CD_1 – ICD9_DGNS_CD_10,DESYNPUF: Claim Diagnosis Code 1 – Claim Diagnosis Code 10,The variable `ICD9_DGNS_CD_1 – ICD9_DGNS_CD_10` represents the claim diagnosis codes for a beneficiary. It indicates the primary and secondary diagnosis codes associated with a claim. The labels suggest that it includes the claim diagnosis codes from 1 to 10.
ICD9_PRCDR_CD_1 – ICD9_PRCDR_CD_6,DESYNPUF: Claim Procedure Code 1 – Claim Procedure Code 6,The variables `ICD9_PRCDR_CD_1` to `ICD9_PRCDR_CD_6` represent the claim procedure codes associated with a beneficiary in the DESYNPUF dataset. These codes indicate the medical procedures performed on the beneficiary during a specific claim.
HCPCS_CD_1 – HCPCS_CD_45,DESYNPUF: Revenue Center HCFA Common Procedure Coding System 1 – Revenue Center HCFA Common Procedure Coding System 45,"The variables `HCPCS_CD_1 – HCPCS_CD_45` and `HCPCS_CD_1 – HCPCS_CD_13` represent the revenue center and line HCFA common procedure coding system codes, respectively. These codes are used to identify specific medical procedures or services provided to beneficiaries."
NCH_BENE_PTB_DDCTBL_AMT,DESYNPUF: NCH Beneficiary Part B Deductible Amount,"The variable `NCH_BENE_PTB_DDCTBL_AMT` stands for ""NCH Beneficiary Part B Deductible Amount"". It represents the amount of deductible that a beneficiary has to pay for Part B services under the NCH (National Claims History) dataset."
NCH_BENE_PTB_COINSRNC_AMT,DESYNPUF: NCH Beneficiary Part B Coinsurance Amount,The variable `NCH_BENE_PTB_COINSRNC_AMT` represents the amount of Part B coinsurance paid by the beneficiary in the Medicare program.
ICD9_DGNS_CD_1 – ICD9_DGNS_CD_8,DESYNPUF: Claim Diagnosis Code 1 – Claim Diagnosis Code 8,The variable `ICD9_DGNS_CD_1 – ICD9_DGNS_CD_8` represents the claim diagnosis codes for a beneficiary. These codes provide information about the medical conditions or diseases that were diagnosed for the beneficiary. The range `ICD9_DGNS_CD_1 – ICD9_DGNS_CD_8` indicates that there are 8 different diagnosis codes available for each claim.
PRF_PHYSN_NPI_1 – PRF_PHYSN_NPI_13,DESYNPUF: Provider Physician – National Provider Identifier Number,The variable `PRF_PHYSN_NPI_1 – PRF_PHYSN_NPI_13` represents the National Provider Identifier (NPI) for the physician associated with the beneficiary. It is a unique identification number assigned to healthcare providers in the United States.
TAX_NUM_1 – TAX_NUM_13,DESYNPUF: Provider Institution Tax Number,The variables `TAX_NUM_1` to `TAX_NUM_13` represent the provider institution tax numbers in the dataset.
HCPCS_CD_1 – HCPCS_CD_13,DESYNPUF: Line HCFA Common Procedure Coding System 1 – Line HCFA Common Procedure Coding System 13,"The variables `HCPCS_CD_1 – HCPCS_CD_45` and `HCPCS_CD_1 – HCPCS_CD_13` represent the revenue center and line common procedure codes, respectively. These codes are used to identify specific medical procedures or services provided to beneficiaries."
LINE_NCH_PMT_AMT_1– LINE_NCH_PMT_AMT_13,DESYNPUF: Line NCH Payment Amount 1 – Line NCH Payment Amount 13,The variable `LINE_NCH_PMT_AMT_1– LINE_NCH_PMT_AMT_13` represents the line NCH payment amounts from 1 to 13 in the DESYNPUF dataset. These payment amounts are associated with specific lines of service provided to beneficiaries.
LINE_BENE_PTB_DDCTBL_AMT_1 – LINE_BENE_PTB_DDCTBL_AMT_13,DESYNPUF: Line Beneficiary Part B Deductible Amount 1 – Line Beneficiary Part B Deductible Amount 13,The variable `LINE_BENE_PTB_DDCTBL_AMT_1 – LINE_BENE_PTB_DDCTBL_AMT_13` represents the line beneficiary Part B deductible amount for the beneficiary.
LINE_BENE_PRMRY_PYR_PD_AMT_1 – LINE_BENE_PRMRY_PYR_PD_AMT_13,DESYNPUF: Line Beneficiary Primary Payer Paid Amount 1 – Line Beneficiary Primary Payer Paid Amount 13,The variable `LINE_BENE_PRMRY_PYR_PD_AMT_1 – LINE_BENE_PRMRY_PYR_PD_AMT_13` represents the amount paid by the primary payer for each line item in the dataset. It is part of the DESYNPUF dataset and is related to the payment information for beneficiaries.
LINE_COINSRNC_AMT_1 – LINE_COINSRNC_AMT_13,DESYNPUF: Line Coinsurance Amount 1 – Line Coinsurance Amount 13,The variable `LINE_COINSRNC_AMT_1 – LINE_COINSRNC_AMT_13` represents the line coinsurance amount for various services. It is part of the DESYNPUF dataset and each number from 1 to 13 corresponds to a specific line coinsurance amount.
LINE_ALOWD_CHRG_AMT_1 – LINE_ALOWD_CHRG_AMT_13,DESYNPUF: Line Allowed Charge Amount 1 – Line Allowed Charge Amount 13,"The variable `LINE_ALOWD_CHRG_AMT_1 – LINE_ALOWD_CHRG_AMT_13` represents the line allowed charge amount for different lines of service. It indicates the amount that is allowed to be charged for each line of service, ranging from 1 to 13."
LINE_PRCSG_IND_CD_1 – LINE_PRCSG_IND_CD_13,DESYNPUF: Line Processing Indicator Code 1 – Line Processing Indicator Code13,The variable `LINE_PRCSG_IND_CD_1 – LINE_PRCSG_IND_CD_13` represents the line processing indicator codes from 1 to 13 in the DESYNPUF dataset. These codes provide information about the processing of each line in the dataset.
LINE_ICD9_DGNS_CD_1 – LINE_ICD9_DGNS_CD_13,DESYNPUF: Line Diagnosis Code 1 – Line Diagnosis Code 13,The variable `LINE_ICD9_DGNS_CD_1 – LINE_ICD9_DGNS_CD_13` represents the line diagnosis codes 1 to 13 in the DESYNPUF dataset. These codes provide information about the diagnoses associated with each line item in the dataset.
PDE_ID,DESYNPUF: CCW Part D Event Number,"The variable `PDE_ID` stands for ""DESYNPUF: CCW Part D Event Number""."
SRVC_DT,DESYNPUF: RX Service Date,"The variable `SRVC_DT` stands for ""RX Service Date"" in the dataframe."
PROD_SRVC_ID,DESYNPUF: Product Service ID,The variable `PROD_SRVC_ID` in the dataframe represents the Product Service ID from the DESYNPUF dataset.
QTY_DSPNSD_NUM,DESYNPUF: Quantity Dispensed,The variable `QTY_DSPNSD_NUM` in the dataframe represents the quantity of a medication that was dispensed to a beneficiary.
DAYS_SUPLY_NUM,DESYNPUF: Days Supply,The variable `DAYS_SUPLY_NUM` represents the number of days supply for a medication in the DESYNPUF dataset.
PTNT_PAY_AMT,DESYNPUF: Patient Pay Amount,"The variable `PTNT_PAY_AMT` stands for ""Patient Pay Amount"". It represents the amount that the patient is responsible for paying for their healthcare services."
TOT_RX_CST_AMT,DESYNPUF: Gross Drug Cost,"The variable `TOT_RX_CST_AMT` stands for ""Total Prescription Drug Cost"". It represents the gross cost of prescription drugs for each beneficiary in the dataset."
